{
  "sample_size": 500,
  "results": [
    {
      "threshold": 0.8,
      "hit_rate": 0.278,
      "avg_similarity": 0.8692352531625213
    },
    {
      "threshold": 0.85,
      "hit_rate": 0.198,
      "avg_similarity": 0.8981760385060551
    },
    {
      "threshold": 0.9,
      "hit_rate": 0.104,
      "avg_similarity": 0.9324410683833636
    },
    {
      "threshold": 0.95,
      "hit_rate": 0.036,
      "avg_similarity": 0.9664168457190195
    }
  ]
}